{
  "accuracy": 0.9309711286089238,
  "roc_auc": 0.9764386210253901,
  "confusion_matrix": [
    [
      5457,
      258
    ],
    [
      531,
      5184
    ]
  ],
  "classification_report": {
    "0": {
      "precision": 0.9113226452905812,
      "recall": 0.9548556430446195,
      "f1-score": 0.9325813893873366,
      "support": 5715.0
    },
    "1": {
      "precision": 0.9525909592061742,
      "recall": 0.9070866141732283,
      "f1-score": 0.9292820650712557,
      "support": 5715.0
    },
    "accuracy": 0.9309711286089238,
    "macro avg": {
      "precision": 0.9319568022483777,
      "recall": 0.930971128608924,
      "f1-score": 0.9309317272292961,
      "support": 11430.0
    },
    "weighted avg": {
      "precision": 0.9319568022483777,
      "recall": 0.9309711286089238,
      "f1-score": 0.9309317272292962,
      "support": 11430.0
    }
  }
}