{"accuracy": 0.82, "precision": 0.8262195121951219, "recall": 0.811377245508982, "f1": 0.8187311178247734, "n_features": 20, "n_train": 8000, "n_test": 2000}