{"accuracy": 0.796, "precision": 0.8193548387096774, "recall": 0.7604790419161677, "f1": 0.7888198757763976, "n_features": 20, "n_train": 4000, "n_test": 1000}