{"accuracy": 0.8140857392825896, "precision": 0.8171378091872792, "recall": 0.8092738407699037, "f1": 0.8131868131868132, "n_features": 20, "n_train": 9144, "n_test": 2286}