{"accuracy": 0.785, "precision": 0.7804878048780488, "recall": 0.7960199004975125, "f1": 0.7881773399014779, "n_features": 20, "n_train": 1600, "n_test": 400}