{"accuracy": 0.9615048118985127, "precision": 0.9567099567099567, "recall": 0.9667541557305337, "f1": 0.9617058311575283, "n_features": 87, "n_train": 9144, "n_test": 2286}