{
  "roc_auc": 0.9764386210253901,
  "average_precision": 0.9795225522472706
}